{
  "move": [
    "go",
    "walk",
    "run",
    "travel",
    "advance",
    "proceed",
    "navigate"
  ],
  "get": [
    "grab",
    "pick",
    "pick up",
    "take",
    "collect",
    "acquire",
    "obtain",
    "snatch",
    "secure"
  ],
  "talk": [
    "speak",
    "chat",
    "converse",
    "communicate",
    "discuss",
    "dialogue",
    "interact"
  ],
  "attack": [
    "hit",
    "fight",
    "strike",
    "assault",
    "bash",
    "combat",
    "clash",
    "engage"
  ],
  "use": [
    "utilize",
    "employ",
    "operate",
    "activate",
    "handle",
    "wield",
    "manipulate"
  ],
  "look": [
    "view",
    "search",
    "inspect",
    "examine",
    "see",
    "observe",
    "scan",
    "survey"
  ],
  "equip": [
    "wear",
    "don",
    "outfit",
    "arm",
    "adorn",
    "prepare"
  ],
  "drop": [
    "discard",
    "shed",
    "ditch",
    "dispose",
    "jettison",
    "unload"
  ],
  "heal": [
    "cure",
    "restore",
    "revive",
    "rejuvenate",
    "mend",
    "recuperate",
    "treat",
    "repair"
  ],
  "save": [
    "store",
    "record",
    "preserve",
    "archive",
    "backup",
    "stash",
    "log"
  ],
  "load": [
    "retrieve",
    "resume",
    "recover",
    "reload",
    "access",
    "fetch",
    "reclaim"
  ],
  "quit": [
    "exit",
    "stop",
    "end",
    "terminate",
    "conclude",
    "leave",
    "cease",
    "abandon"
  ],
  "help": [
    "assist",
    "support",
    "aid",
    "info"
  ],
  "map": [
    "layout",
    "world"
  ],
  "sound": [
    "volume",
    "music"
  ],
  "sfx": [
    "effect",
    "effects"
  ],
  "give": [
    "trade",
    "exchange"
  ]
}